,headline,source
0,"Spanish premier calls Israel 'genocidal state,' says Spain 'does not do business' with it",
1,Hubby prepping me for his business trip,https://preview.redd.it/hubby-prepping-me-for-his-business-trip-v0-h2sjddqjn8te1.jpeg?width=640&crop=smart&auto=webp&s=d278490d8b1ca666af19a3785c8ae22dc2d06a7f
2,"An ""Appeal to heaven"" flag being flown on top of the Small Business Association Government building.",https://preview.redd.it/an-appeal-to-heaven-flag-being-flown-on-top-of-the-small-v0-36jgbknddl7f1.jpeg?width=640&crop=smart&auto=webp&s=e2880fa5dcc2940088eeeccf262a48573dcbfb91
3,"Trump refuses to support sanctions on Russia, seeking business deals with Putin ‚Äì NYT",
4,Found out neighbor is running ‚Äúbusiness‚Äù using my stuff,https://preview.redd.it/found-out-neighbor-is-running-business-using-my-stuff-v0-q4956udo903f1.jpeg?width=640&crop=smart&auto=webp&s=cde7ee24957640f28cd984c2ee05d74b5ac100c7
5,Law Firms That Caved to Trump Suddenly Lose a Lot of Big Business,
6,John Bolton blasts Trump officials for using Signal to conduct government business,
7,Business is booming,https://preview.redd.it/business-is-booming-v0-90cjebv0di6f1.png?width=640&crop=smart&auto=webp&s=cc6c59408866a046ca6462e1fb999652b65a3f41
8,"Ladies and gentleman, we're back in business",https://preview.redd.it/ladies-and-gentleman-were-back-in-business-v0-rdxqahz0uewe1.jpeg?width=640&crop=smart&auto=webp&s=35db78b90bf8037371b0c52c6c4000bbb03078dd
9,"Greenland tourism business accepts, then declines Usha Vance visit",
10,"Business Insider goes 'all-in on AI,' laying off 21% of staff",
11,Gamers Nexus Announces Investigation into NVIDIA's Business Practices Following Unverified Claims,https://preview.redd.it/gamers-nexus-announces-investigation-into-nvidias-business-v0-n7h5qdsvyx1f1.jpeg?width=640&crop=smart&auto=webp&s=944d1373bbfc01ce3eb2c3bcd2573318d183951e
12,Sebastian Vettel successfully completed a program from Harvard's Business School,https://preview.redd.it/sebastian-vettel-successfully-completed-a-program-from-v0-ayxiuawiur5f1.jpeg?width=640&crop=smart&auto=webp&s=06020120f6eeb84df95d57f9b93ad40cca617d7b
13,"Trump‚Äôs threat to annex Canada ‚Äòa real thing,‚Äô Trudeau tells business leaders",
14,"Russian strike hit Boeing office in Kyiv in deliberate attack on US business, FT reports",
15,"Why Aren't Business Owners Who Hired ""Illegal"" Immigrants Being Prosecuted?",
16,Do you consider it ethical to pirate when a business removes perpetual licenses that you‚Äôve paid for?,
17,Business Class 3.5 hrs,https://preview.redd.it/business-class-3-5-hrs-v0-0kj0n8sr7pwe1.jpeg?width=640&crop=smart&auto=webp&s=ea6e0098ba1dc59849d60c6df676b86d993704d6
18,Texas creates its own DOGE in attempt to make the state more business-friendly,
19,The used Tesla market is crumbling | CNN Business,
20,Business Card,
21,"Hayley Williams of Paramore crip-walks to an R&B mix of ""Misery Business""",
22,Pro-ICE Business in San Francisco - Vic‚Äôs Winehouse,
23,Pete Hegseth Had at Least 12 Signal Chats for Pentagon Business: Report,
24,America adopts the Trump Steaks business model,https://preview.redd.it/america-adopts-the-trump-steaks-business-model-v0-pcy385ppj20e1.jpeg?auto=webp&s=2e99e75e62a6365faef88d06d34ae83e1ef7f709
25,Treasury ends enforcement of business ownership database meant to stop shell company formation,
26,Buy Canadian movement starts to take a sizable bite out of U.S. business,
27,I lost my business to AI. Who else so far?,
28,Shocked LI stood on business,
29,The answer: Shoot yourself to show them you mean business,https://preview.redd.it/the-answer-shoot-yourself-to-show-them-you-mean-business-v0-iplqx64w8g9e1.png?width=640&crop=smart&auto=webp&s=c3b22b07fb6c89b257069ae54936a9fea8c3b226
30,Exploring empty Jordan during a business trip,
31,MAGAts response to being flamed by comments on video he posted about his failing business,
32,"If everyone switched over, we can put the corrupt ones out of business.",https://preview.redd.it/if-everyone-switched-over-we-can-put-the-corrupt-ones-out-v0-aupmxyiu5h7e1.jpeg?width=640&crop=smart&auto=webp&s=7afc715de15c1d22af4590283ad4f61c98a33f7c
33,Donald Trump found guilty on all 34 counts of falsifying business records.,https://preview.redd.it/donald-trump-found-guilty-on-all-34-counts-of-falsifying-v0-002yxqdjqm3d1.jpeg?width=640&crop=smart&auto=webp&s=c53c6e2e29b828ec093332b5bd5886a8bcd9af8b
34,"""Competition Pushes Us to Innovate"" Sony CEO says on Xbox's Potential Exit from Console Business",
35,It's business,https://preview.redd.it/its-business-v0-njtpxixqm4ge1.jpeg?width=640&crop=smart&auto=webp&s=732d7481f1f8a41db4e7c3b9a451995899329906
36,Business as usual,https://preview.redd.it/business-as-usual-v0-wmq14rjrks5f1.png?width=640&crop=smart&auto=webp&s=b84d276b48e54c99a7f1b401015b6dc875f25218
37,Justin Bieber plans to sue business managers,
38,Salsa Business is Growing! 40 Gallons per week!,
39,"We‚Äôre all adults, who here is keeping the filet-o-fish in business?",https://preview.redd.it/were-all-adults-who-here-is-keeping-the-filet-o-fish-in-v0-a0zxhaqmayje1.jpeg?width=640&crop=smart&auto=webp&s=d10912e389f3e8cf0a184fc87e24db4a76ed41cc
40,He did a business 9/11,https://preview.redd.it/he-did-a-business-9-11-v0-zhch0kr0p1sd1.jpeg?width=640&crop=smart&auto=webp&s=4ff909c49cd8bd192df9efe61f6c5cc879fc46fe
41,And people wonder why tool trucks are going out of business,
42,First business trip at almost 40! - So excited I couldn't sleep.,https://preview.redd.it/first-business-trip-at-almost-40-so-excited-i-couldnt-sleep-v0-sm41s6y667he1.jpeg?width=640&crop=smart&auto=webp&s=3a191b769a472f4f63daeb3925d52b9929e40dd1
43,What I Wore to Get Things Done (Business Edition),
44,Speakeasies are a dumb business model,
45,If only every business were like ArizonaTea,
46,"Ryan Cohen Fox Business Interview with Charles Payne - July 15, 2025",
47,Running America like a business...,https://preview.redd.it/running-america-like-a-business-v0-jsbdrrw6whme1.jpeg?width=640&crop=smart&auto=webp&s=e7770ff8a92082b409b58cc47bd71100038d5329
48,Anyone who thinks this is business as usual needs to wake up,https://preview.redd.it/anyone-who-thinks-this-is-business-as-usual-needs-to-wake-up-v0-udrdsexxeb7f1.jpeg?width=640&crop=smart&auto=webp&s=e4ed71b06aad267cb5f22962e401740dc978855a
49,Business man and Maori elder Kingi Taurua,https://preview.redd.it/business-man-and-maori-elder-kingi-taurua-v0-hpm1vxicgxje1.jpeg?auto=webp&s=f5addfb0faf3984e5f39fcb2e492258c9b990929
50,The US economy shrank much faster in the first quarter than previously reported | CNN Business,
51,Laura Ingraham urges Fox viewers to ‚Äòignore‚Äô stock market meltdown: ‚ÄòTrump is good for business‚Äô,
52,My small business has failed.,
53,Haas statement on US tariffs impacting business,https://preview.redd.it/haas-statement-on-us-tariffs-impacting-business-v0-atoiplfy0pte1.png?width=640&crop=smart&auto=webp&s=528a623bc0cda2f1afbe2dba56c14fc6262cc8eb
54,Arkansas AG warns Temu isn't like Amazon or Walmart: 'It's a theft business',
55,Canadians cancel U.S. business trips en masse amid tariff anger and border fear,
56,One Billionaire‚Äôs lie is another scumbag‚Äôs business‚Ä¶ Wait for the price.,
57,Tupperware files for bankruptcy after almost 80 years of business.,
58,This is business,https://preview.redd.it/this-is-business-v0-s3ibdtr8ib7f1.jpeg?width=640&crop=smart&auto=webp&s=1b3db25af9db2d500286a665be266b3e51c30e8e
59,Hobbies and Business supposed item list üòÑ,
60,Saw this in a store today. I think I'm in the wrong business,https://preview.redd.it/saw-this-in-a-store-today-i-think-im-in-the-wrong-business-v0-jsn9mpek99xe1.jpeg?width=640&crop=smart&auto=webp&s=f01bdb6ab6a38c0483d1821ae9edf3a455b87a34
61,"Ben Sulayem tells F1 drivers how he runs FIA is ""none of their business""",
62,Columbia removes three deans from power for ‚Äòvery troubling‚Äô antisemitic text messages | CNN Business,
63,Amazon will eat your business,
64,"Trump says critics of his tariffs should ""go back to business school.""",
65,Boeing is in big trouble. | CNN Business,
66,"Border town business 'completely destroyed' by U.S. trade war, forced to close",
67,This is what we in the business call a whoopsie daisy,https://preview.redd.it/this-is-what-we-in-the-business-call-a-whoopsie-daisy-v0-axuwya7r6wzd1.jpeg?width=640&crop=smart&auto=webp&s=c4acc2dc727aa20a9e056d32b57743daf5c7c8a7
68,Started my own milkshake business at 17 in CP!,https://preview.redd.it/started-my-own-milkshake-business-at-17-in-cp-v0-gkc677iy6ewe1.jpeg?width=640&crop=smart&auto=webp&s=e83de080512652d73ada9de686fb7bb81e4a5139
69,KARRION KROSS JUST WRECKED THE WHOLE BUSINESS. WATCH TO THE VERY END.,
70,Gave him my umbrella so he can continue business in the rain,https://preview.redd.it/gave-him-my-umbrella-so-he-can-continue-business-in-the-rain-v0-81zlfgaytn7f1.png?width=640&crop=smart&auto=webp&s=f4e0d634352138e1c1528b8e95f98104af52458a
71,Trying to pick out outfits for a business trip with her boyfriend's help.,
72,That's none of my business but you do you and have a good day,https://external-preview.redd.it/thats-none-of-my-business-but-you-do-you-and-have-a-good-day-v0-OQ0JnU0WcZ8G0khw8mURgKC3nid_QtDHHRv46TVqsa8.jpg?width=640&crop=smart&auto=webp&s=89e6a3c60f8b65567b10da2d4d3e8bbd300ba617
73,AITAH because I told my sister that any and all business she had with my husband IS my business....,
74,Business Insider: Ukrainian Soldiers Thought Order to Invade Russia Was a Joke: Report,
75,"Trump is anti-union, pro business. WAKE UP",https://preview.redd.it/trump-is-anti-union-pro-business-wake-up-v0-jkpdt11rwsge1.jpeg?width=640&crop=smart&auto=webp&s=a02681f763c7ca6b90c1aee7cc22840411ac20fb
76,üö® TRUMP: Businessmen who slam tariffs are bad at business!,https://preview.redd.it/trump-businessmen-who-slam-tariffs-are-bad-at-business-v0-lytca5mxr1we1.jpeg?width=640&crop=smart&auto=webp&s=ec75fd17349941b91bdd7f8bba1db2e0542ddcd1
77,Ubisoft is scrambling to make some changes in their business practices,
78,"Disney sues Florida Gov. Ron DeSantis, alleges political effort to hurt its business",
79,We Retired Early to Travel and Aren't Leaving Our Kids an Inheritance - Business Insider,
80,"McDonald's pushes back: ""business model can't sustain $20/hr""",
81,Went to a Costco Business Center for the first time,
82,"Zig Zag Cafe: 21% surcharge, all retained by the business. Tip or no tip?",
83,"Newsom slams Walgreens, says California will cease doing business with company",
84,Boeing names new CEO after losses more than triple | CNN Business,
85,Local business highlighting the effect of Tariffs,https://preview.redd.it/local-business-highlighting-the-effect-of-tariffs-v0-w919i9de0sze1.jpeg?width=640&crop=smart&auto=webp&s=8a4ff33612a9b2f778805b3040053803242ab4c8
86,Unpopular Opinion: Deepseek has rat-effed OpenAI's 2025 business model and they know it,
87,An Open Letter to the Google Executives Who Killed My Business,
88,Most people should NOT start a business,
89,SVB collapse was driven by 'the first Twitter-fueled bank run' | CNN Business,
90,Texas Companies Say Republicans Are Ruining Their Business,
91,Don‚Äôt let this Acolyte business distract you from the REAL problem,https://preview.redd.it/dont-let-this-acolyte-business-distract-you-from-the-real-v0-ckc7fhflksjd1.jpeg?width=640&crop=smart&auto=webp&s=2d65cfdb7d9a61be44464f3f27e21abba4330a39
92,Discussion: What videogame soundtrack has no business being THAT good?,
93,SVB collapse was driven by 'the first Twitter-fueled bank run' | CNN Business,
94,Texas Companies Say Republicans Are Ruining Their Business,
95,Don‚Äôt let this Acolyte business distract you from the REAL problem,https://preview.redd.it/dont-let-this-acolyte-business-distract-you-from-the-real-v0-ckc7fhflksjd1.jpeg?width=640&crop=smart&auto=webp&s=2d65cfdb7d9a61be44464f3f27e21abba4330a39
96,Discussion: What videogame soundtrack has no business being THAT good?,
